{
  "0": {
    "precision": 0.7021276595744681,
    "recall": 0.4925373134328358,
    "f1-score": 0.5789473684210527,
    "support": 67.0
  },
  "1": {
    "precision": 0.8687707641196013,
    "recall": 0.8917306052855924,
    "f1-score": 0.8801009676062264,
    "support": 1173.0
  },
  "2": {
    "precision": 0.7850467289719626,
    "recall": 0.7736842105263158,
    "f1-score": 0.7793240556660039,
    "support": 760.0
  },
  "accuracy": 0.8335,
  "macro avg": {
    "precision": 0.7853150508886774,
    "recall": 0.7193173764149147,
    "f1-score": 0.7461241305644277,
    "support": 2000.0
  },
  "weighted avg": {
    "precision": 0.8313730867612367,
    "recall": 0.8335,
    "f1-score": 0.8317170954962386,
    "support": 2000.0
  }
}